entity_id,observation_id,observed_at_mjd,available_at_mjd,survey,band,calibration_id,value,value_error,is_detection,limiting_value
survey:0,observation-0,100.0,100.0,source_A,r,generated-common-scale-v1,1.0,0.1,true,
catalog:0,observation-1,101.0,101.5,source_A,g,generated-common-scale-v1,2.0,0.1,true,
survey:0,observation-2,102.0,102.0,source_A,r,generated-common-scale-v1,4.0,0.1,true,
catalog:0,observation-3,103.0,103.0,source_A,g,generated-common-scale-v1,3.0,0.1,true,
survey:0,observation-4,104.0,104.0,source_A,r,generated-common-scale-v1,6.0,0.1,true,
catalog:0,observation-5,105.0,105.0,source_A,g,generated-common-scale-v1,5.0,0.1,true,
survey:0,observation-6,106.0,106.0,source_A,r,generated-common-scale-v1,8.0,0.1,true,
catalog:0,observation-7,107.0,107.0,source_A,g,generated-common-scale-v1,7.0,0.1,true,
survey:1,observation-0,110.0,110.0,source_A,r,generated-common-scale-v1,2.0,0.1,true,
catalog:1,observation-1,111.0,111.5,source_A,g,generated-common-scale-v1,3.0,0.1,true,
survey:1,observation-2,112.0,112.0,source_A,r,generated-common-scale-v1,5.0,0.1,true,
catalog:1,observation-3,113.0,113.0,source_A,g,generated-common-scale-v1,4.0,0.1,true,
survey:1,observation-4,114.0,114.0,source_A,r,generated-common-scale-v1,7.0,0.1,true,
catalog:1,observation-5,115.0,115.0,source_A,g,generated-common-scale-v1,6.0,0.1,true,
survey:1,observation-6,116.0,116.0,source_A,r,generated-common-scale-v1,9.0,0.1,true,
catalog:1,observation-7,117.0,117.0,source_A,g,generated-common-scale-v1,8.0,0.1,true,
survey:2,observation-0,120.0,120.0,source_A,r,generated-common-scale-v1,3.0,0.1,true,
catalog:2,observation-1,121.0,121.5,source_A,g,generated-common-scale-v1,4.0,0.1,true,
survey:2,observation-2,122.0,122.0,source_A,r,generated-common-scale-v1,6.0,0.1,true,
catalog:2,observation-3,123.0,123.0,source_A,g,generated-common-scale-v1,5.0,0.1,true,
survey:2,observation-4,124.0,124.0,source_A,r,generated-common-scale-v1,8.0,0.1,true,
catalog:2,observation-5,125.0,125.0,source_A,g,generated-common-scale-v1,7.0,0.1,true,
survey:2,observation-6,126.0,126.0,source_A,r,generated-common-scale-v1,10.0,0.1,true,
catalog:2,observation-7,127.0,127.0,source_A,g,generated-common-scale-v1,9.0,0.1,true,
survey:3,observation-0,130.0,130.0,source_A,r,generated-common-scale-v1,4.0,0.1,true,
catalog:3,observation-1,131.0,131.5,source_A,g,generated-common-scale-v1,5.0,0.1,true,
survey:3,observation-2,132.0,132.0,source_A,r,generated-common-scale-v1,7.0,0.1,true,
catalog:3,observation-3,133.0,133.0,source_A,g,generated-common-scale-v1,6.0,0.1,true,
survey:3,observation-4,134.0,134.0,source_A,r,generated-common-scale-v1,9.0,0.1,true,
catalog:3,observation-5,135.0,135.0,source_A,g,generated-common-scale-v1,8.0,0.1,true,
survey:3,observation-6,136.0,136.0,source_A,r,generated-common-scale-v1,11.0,0.1,true,
catalog:3,observation-7,137.0,137.0,source_A,g,generated-common-scale-v1,10.0,0.1,true,
survey:4,observation-0,140.0,140.0,source_A,r,generated-common-scale-v1,5.0,0.1,true,
catalog:4,observation-1,141.0,141.5,source_A,g,generated-common-scale-v1,6.0,0.1,true,
survey:4,observation-2,142.0,142.0,source_A,r,generated-common-scale-v1,8.0,0.1,true,
catalog:4,observation-3,143.0,143.0,source_A,g,generated-common-scale-v1,7.0,0.1,true,
survey:4,observation-4,144.0,144.0,source_A,r,generated-common-scale-v1,10.0,0.1,true,
catalog:4,observation-5,145.0,145.0,source_A,g,generated-common-scale-v1,9.0,0.1,true,
survey:4,observation-6,146.0,146.0,source_A,r,generated-common-scale-v1,12.0,0.1,true,
catalog:4,observation-7,147.0,147.0,source_A,g,generated-common-scale-v1,11.0,0.1,true,
survey:5,observation-0,150.0,150.0,source_A,r,generated-common-scale-v1,6.0,0.1,true,
catalog:5,observation-1,151.0,151.5,source_A,g,generated-common-scale-v1,7.0,0.1,true,
survey:5,observation-2,152.0,152.0,source_A,r,generated-common-scale-v1,9.0,0.1,true,
catalog:5,observation-3,153.0,153.0,source_A,g,generated-common-scale-v1,8.0,0.1,true,
survey:5,observation-4,154.0,154.0,source_A,r,generated-common-scale-v1,11.0,0.1,true,
catalog:5,observation-5,155.0,155.0,source_A,g,generated-common-scale-v1,10.0,0.1,true,
survey:5,observation-6,156.0,156.0,source_A,r,generated-common-scale-v1,13.0,0.1,true,
catalog:5,observation-7,157.0,157.0,source_A,g,generated-common-scale-v1,12.0,0.1,true,
survey:6,observation-0,80.0,80.0,source_B,r,generated-common-scale-v1,7.0,0.1,true,
catalog:6,observation-1,81.0,81.5,source_B,g,generated-common-scale-v1,8.0,0.1,true,
survey:6,observation-2,82.0,82.0,source_B,r,generated-common-scale-v1,10.0,0.1,true,
catalog:6,observation-3,83.0,83.0,source_B,g,generated-common-scale-v1,9.0,0.1,true,
survey:6,observation-4,84.0,84.0,source_B,r,generated-common-scale-v1,12.0,0.1,true,
catalog:6,observation-5,85.0,85.0,source_B,g,generated-common-scale-v1,11.0,0.1,true,
survey:6,observation-6,86.0,86.0,source_B,r,generated-common-scale-v1,14.0,0.1,true,
catalog:6,observation-7,87.0,87.0,source_B,g,generated-common-scale-v1,13.0,0.1,true,
survey:7,observation-0,81.0,81.0,source_B,r,generated-common-scale-v1,8.0,0.1,true,
catalog:7,observation-1,82.0,82.5,source_B,g,generated-common-scale-v1,9.0,0.1,true,
survey:7,observation-2,83.0,83.0,source_B,r,generated-common-scale-v1,11.0,0.1,true,
catalog:7,observation-3,84.0,84.0,source_B,g,generated-common-scale-v1,10.0,0.1,true,
survey:7,observation-4,85.0,85.0,source_B,r,generated-common-scale-v1,13.0,0.1,true,
catalog:7,observation-5,86.0,86.0,source_B,g,generated-common-scale-v1,12.0,0.1,true,
survey:7,observation-6,87.0,87.0,source_B,r,generated-common-scale-v1,15.0,0.1,true,
catalog:7,observation-7,88.0,88.0,source_B,g,generated-common-scale-v1,14.0,0.1,true,
